/*
SQLyog Ultimate v9.01 
MySQL - 5.0.15-nt : Database - stations
*********************************************************************
*/

/*!40101 SET NAMES utf8 */;

/*!40101 SET SQL_MODE=''*/;

/*!40014 SET @OLD_UNIQUE_CHECKS=@@UNIQUE_CHECKS, UNIQUE_CHECKS=0 */;
/*!40014 SET @OLD_FOREIGN_KEY_CHECKS=@@FOREIGN_KEY_CHECKS, FOREIGN_KEY_CHECKS=0 */;
/*!40101 SET @OLD_SQL_MODE=@@SQL_MODE, SQL_MODE='NO_AUTO_VALUE_ON_ZERO' */;
/*!40111 SET @OLD_SQL_NOTES=@@SQL_NOTES, SQL_NOTES=0 */;
CREATE DATABASE /*!32312 IF NOT EXISTS*/`stations` /*!40100 DEFAULT CHARACTER SET utf8 */;

USE `stations`;

/*Table structure for table `computer` */

DROP TABLE IF EXISTS `computer`;

CREATE TABLE `computer` (
  `id` int(11) NOT NULL auto_increment,
  `ip` varchar(255) default NULL,
  `state` int(11) default NULL,
  `os` varchar(255) default NULL,
  `station_id` int(11) default NULL,
  PRIMARY KEY  (`id`),
  UNIQUE KEY `station_id` (`station_id`),
  KEY `FKDC497F1B16D8F991` (`station_id`),
  CONSTRAINT `FKDC497F1B16D8F991` FOREIGN KEY (`station_id`) REFERENCES `station` (`id`)
) ENGINE=InnoDB DEFAULT CHARSET=utf8;

/*Data for the table `computer` */

/*Table structure for table `computer_log` */

DROP TABLE IF EXISTS `computer_log`;

CREATE TABLE `computer_log` (
  `id` int(11) NOT NULL auto_increment,
  `computer_id` int(11) default NULL,
  `mem_rate` float default NULL,
  `cup_rate` float default NULL,
  `curr_time` datetime default NULL,
  PRIMARY KEY  (`id`),
  KEY `FK8F1B4C2014CE5E63` (`computer_id`),
  CONSTRAINT `FK8F1B4C2014CE5E63` FOREIGN KEY (`computer_id`) REFERENCES `computer` (`id`)
) ENGINE=InnoDB DEFAULT CHARSET=utf8;

/*Data for the table `computer_log` */

/*Table structure for table `port` */

DROP TABLE IF EXISTS `port`;

CREATE TABLE `port` (
  `id` int(11) NOT NULL auto_increment,
  `router_id` int(11) NOT NULL,
  `get_time` datetime default NULL COMMENT '如果异常记录时间，正常不记录',
  `ifIndex` int(11) default NULL,
  `ifDescr` varchar(32) default NULL,
  `ifOperStatus` int(11) default NULL COMMENT '0(正常)，1(异常)，2(未知)',
  `ifInOctets` int(11) default NULL COMMENT '流量',
  `locIfInCRC` int(11) default NULL,
  `ipRouteDest` varchar(64) default NULL,
  `portIP` varchar(64) default NULL,
  `locIfInBitsSec` int(11) default NULL,
  `locIfOutBitsSec` int(11) default NULL,
  `ifOutOctets` int(11) default NULL,
  PRIMARY KEY  (`id`),
  KEY `FK_Reference_4` (`router_id`),
  CONSTRAINT `FK_Reference_4` FOREIGN KEY (`router_id`) REFERENCES `router` (`id`) ON DELETE CASCADE ON UPDATE CASCADE
) ENGINE=InnoDB DEFAULT CHARSET=utf8;

/*Data for the table `port` */

/*Table structure for table `route` */

DROP TABLE IF EXISTS `route`;

CREATE TABLE `route` (
  `id` int(11) NOT NULL auto_increment,
  `name` varchar(20) NOT NULL,
  `station_num` int(11) NOT NULL,
  PRIMARY KEY  (`id`)
) ENGINE=InnoDB DEFAULT CHARSET=utf8;

/*Data for the table `route` */

insert  into `route`(`id`,`name`,`station_num`) values (1,'贵阳TDCS分中心',54),(2,'贵阳段网络图1(六盘水)',57),(12,'贵阳段网络图3(凯里)',48);

/*Table structure for table `router` */

DROP TABLE IF EXISTS `router`;

CREATE TABLE `router` (
  `id` int(11) NOT NULL auto_increment,
  `router_ip` varchar(255) NOT NULL,
  `state` int(11) default NULL,
  `port_count` int(11) default NULL,
  `router_info` varchar(255) default NULL,
  `station_id` int(11) default NULL,
  PRIMARY KEY  (`id`),
  UNIQUE KEY `station_id` (`station_id`),
  KEY `FKC8DB974916D8F991` (`station_id`),
  CONSTRAINT `FKC8DB974916D8F991` FOREIGN KEY (`station_id`) REFERENCES `station` (`id`)
) ENGINE=InnoDB DEFAULT CHARSET=utf8;

/*Data for the table `router` */

/*Table structure for table `router_log` */

DROP TABLE IF EXISTS `router_log`;

CREATE TABLE `router_log` (
  `id` int(11) NOT NULL auto_increment,
  `router_id` int(11) default NULL,
  `cpu_rate` float default NULL,
  `mem_rate` float default NULL,
  `router_info` varchar(255) default NULL,
  `curr_time` datetime default NULL,
  PRIMARY KEY  (`id`),
  KEY `FK37699D4EE7FE55E3` (`router_id`),
  CONSTRAINT `FK37699D4EE7FE55E3` FOREIGN KEY (`router_id`) REFERENCES `router` (`id`)
) ENGINE=InnoDB DEFAULT CHARSET=utf8;

/*Data for the table `router_log` */

/*Table structure for table `segment` */

DROP TABLE IF EXISTS `segment`;

CREATE TABLE `segment` (
  `id` int(11) NOT NULL auto_increment,
  `station1_id` int(11) default NULL,
  `station2_id` int(11) default NULL,
  `route_id` int(11) NOT NULL,
  `state` int(11) default NULL,
  PRIMARY KEY  (`id`),
  KEY `FK75A49F3366AF84A8` (`station1_id`),
  KEY `FK75A49F3366AFF907` (`station2_id`),
  CONSTRAINT `FK75A49F3366AF84A8` FOREIGN KEY (`station1_id`) REFERENCES `station` (`id`),
  CONSTRAINT `FK75A49F3366AFF907` FOREIGN KEY (`station2_id`) REFERENCES `station` (`id`)
) ENGINE=InnoDB DEFAULT CHARSET=utf8;

/*Data for the table `segment` */

insert  into `segment`(`id`,`station1_id`,`station2_id`,`route_id`,`state`) values (1539,2084,2085,1,0),(1540,2085,2086,1,0),(1541,2086,2087,1,0),(1542,2087,2088,1,0),(1543,2088,2089,1,0),(1544,2089,2090,1,0),(1545,2090,2091,1,0),(1546,2091,2092,1,0),(1547,2092,2094,1,0),(1548,2095,2096,1,0),(1549,2096,2097,1,0),(1550,2097,2098,1,0),(1551,2098,2099,1,0),(1552,2099,2100,1,0),(1553,2100,2101,1,0),(1554,2101,2102,1,0),(1555,2102,2103,1,0),(1556,2103,2104,1,0),(1557,2104,2105,1,0),(1558,2105,2106,1,0),(1559,2106,2107,1,0),(1560,2107,2108,1,0),(1561,2108,2109,1,0),(1562,2109,2110,1,0),(1563,2110,2111,1,0),(1564,2111,2112,1,0),(1565,2112,2113,1,0),(1566,2113,2114,1,0),(1567,2114,2115,1,0),(1568,2115,2116,1,0),(1569,2116,2117,1,0),(1570,2117,2118,1,0),(1571,2118,2119,1,0),(1572,2120,2121,1,0),(1573,2121,2122,1,0),(1574,2122,2123,1,0),(1575,2123,2124,1,0),(1576,2124,2125,1,0),(1577,2125,2126,1,0),(1578,2126,2127,1,0),(1579,2127,2128,1,0),(1580,2128,2129,1,0),(1581,2129,2130,1,0),(1582,2130,2131,1,0),(1583,2131,2132,1,0),(1584,2132,2133,1,0),(1585,2133,2134,1,0),(1586,2134,2135,1,0),(1587,2135,2136,1,0),(1588,2083,2137,1,0),(1589,2138,2137,1,0),(1590,2083,2148,1,0),(1591,2138,2094,1,0),(1592,2142,2139,1,0),(1593,2139,2084,1,0),(1594,2141,2092,1,0),(1595,2141,2093,1,0),(1596,2140,2143,1,0),(1597,2143,2116,1,0),(1598,2142,2144,1,0),(1599,2144,2106,1,0),(1600,2145,2119,1,0),(1601,2146,2136,1,0),(1602,2146,2145,1,0),(1603,2142,2147,1,0),(1604,2147,2120,1,0),(1605,2148,2149,1,0),(1606,2149,2130,1,0),(1607,2151,2152,12,0),(1608,2152,2154,12,0),(1609,2154,2155,12,0),(1610,2155,2156,12,0),(1611,2156,2157,12,0),(1612,2157,2158,12,0),(1613,2158,2159,12,0),(1614,2159,2160,12,0),(1615,2160,2161,12,0),(1616,2161,2162,12,0),(1617,2162,2163,12,0),(1618,2163,2164,12,0),(1619,2164,2165,12,0),(1620,2165,2166,12,0),(1621,2166,2168,12,0),(1622,2168,2169,12,0),(1623,2169,2170,12,0),(1624,2170,2171,12,0),(1625,2171,2172,12,0),(1626,2172,2173,12,0),(1627,2173,2174,12,0),(1628,2174,2175,12,0),(1629,2175,2176,12,0),(1630,2176,2177,12,0),(1631,2178,2179,12,0),(1632,2179,2180,12,0),(1633,2180,2181,12,0),(1634,2181,2182,12,0),(1635,2182,2183,12,0),(1636,2183,2184,12,0),(1637,2184,2185,12,0),(1638,2185,2186,12,0),(1639,2186,2187,12,0),(1640,2187,2188,12,0),(1641,2188,2189,12,0),(1642,2189,2190,12,0),(1643,2190,2193,12,0),(1644,2193,2194,12,0),(1645,2194,2195,12,0),(1646,2195,2196,12,0),(1647,2196,2197,12,0),(1648,2197,2198,12,0),(1649,2199,2211,12,0),(1650,2200,2210,12,0),(1651,2201,2209,12,0),(1652,2202,2151,12,0),(1653,2212,2154,12,0),(1654,2212,2153,12,0),(1655,2209,2158,12,0),(1656,2210,2166,12,0),(1657,2213,2166,12,0),(1658,2213,2167,12,0),(1659,2211,2177,12,0),(1660,2214,2177,12,0),(1661,2214,2219,12,0),(1662,2219,2198,12,0),(1663,2216,2190,12,0),(1664,2217,2190,12,0),(1665,2218,2190,12,0),(1666,2217,2191,12,0),(1667,2218,2192,12,0),(1668,2215,2185,12,0),(1669,2216,2203,12,0),(1670,2215,2204,12,0),(1671,2205,2178,12,0),(1672,2206,2205,12,0),(1673,2207,2204,12,0),(1674,2208,2203,12,0),(1675,2150,2201,12,0),(1676,2277,2278,2,0),(1677,2283,2220,2,0),(1678,2292,2220,2,0),(1679,2294,2280,2,0),(1680,2278,2279,2,0),(1681,2280,2281,2,0),(1682,2281,2282,2,0),(1683,2282,2232,2,0),(1684,2283,2284,2,0),(1685,2284,2221,2,0),(1686,2221,2285,2,0),(1687,2285,2286,2,0),(1688,2221,2222,2,0),(1689,2222,2223,2,0),(1690,2223,2224,2,0),(1691,2224,2225,2,0),(1692,2225,2226,2,0),(1693,2226,2227,2,0),(1694,2227,2228,2,0),(1695,2228,2229,2,0),(1696,2229,2230,2,0),(1697,2230,2231,2,0),(1698,2231,2232,2,0),(1699,2232,2233,2,0),(1700,2233,2234,2,0),(1701,2234,2235,2,0),(1702,2235,2236,2,0),(1703,2236,2237,2,0),(1704,2237,2238,2,0),(1705,2238,2239,2,0),(1706,2239,2240,2,0),(1707,2240,2241,2,0),(1708,2279,2241,2,0),(1709,2286,2242,2,0),(1710,2242,2243,2,0),(1711,2243,2244,2,0),(1712,2244,2245,2,0),(1713,2244,2246,2,0),(1714,2244,2247,2,0),(1715,2244,2248,2,0),(1716,2248,2249,2,0),(1717,2249,2250,2,0),(1718,2249,2288,2,0),(1719,2249,2289,2,0),(1720,2289,2290,2,0),(1721,2290,2251,2,0),(1722,2251,2252,2,0),(1723,2252,2291,2,0),(1724,2291,2265,2,0),(1725,2253,2254,2,0),(1726,2254,2255,2,0),(1727,2255,2256,2,0),(1728,2256,2257,2,0),(1729,2257,2258,2,0),(1730,2258,2259,2,0),(1731,2259,2260,2,0),(1732,2260,2261,2,0),(1733,2261,2262,2,0),(1734,2262,2263,2,0),(1735,2263,2264,2,0),(1736,2264,2265,2,0),(1737,2265,2266,2,0),(1738,2266,2267,2,0),(1739,2267,2268,2,0),(1740,2268,2269,2,0),(1741,2269,2270,2,0),(1742,2270,2271,2,0),(1743,2271,2272,2,0),(1744,2272,2273,2,0),(1745,2273,2274,2,0),(1746,2274,2275,2,0),(1747,2275,2276,2,0),(1748,2276,2295,2,0),(1749,2295,2294,2,0),(1750,2292,2293,2,0),(1751,2293,2260,2,0),(1752,2287,2288,2,0);

/*Table structure for table `station` */

DROP TABLE IF EXISTS `station`;

CREATE TABLE `station` (
  `id` int(11) NOT NULL auto_increment,
  `name` varchar(255) default NULL,
  `state` int(11) default NULL,
  `x` varchar(255) default NULL,
  `y` varchar(255) default NULL,
  `segment_num` int(11) default NULL,
  `is_main_station` tinyint(1) default NULL,
  PRIMARY KEY  (`id`)
) ENGINE=InnoDB DEFAULT CHARSET=utf8;

/*Data for the table `station` */

insert  into `station`(`id`,`name`,`state`,`x`,`y`,`segment_num`,`is_main_station`) values (2083,'贵阳TDCS分中心',0,'421','130',6,1),(2084,'关田',0,'168','198',2,0),(2085,'谷立',0,'168','228',2,0),(2086,'大土',0,'168','258',2,0),(2087,'长冲',0,'168','288',2,0),(2088,'改貌',0,'168','318',2,0),(2089,'花溪',0,'168','348',2,0),(2090,'花坡所',0,'168','378',2,0),(2091,'贵阳西',0,'168','408',2,0),(2092,'贵阳客',0,'168','498',3,0),(2093,'TDCS工区1',0,'260','478',1,0),(2094,'贵阳南编站调楼',0,'168','558',2,0),(2095,'石门坎',0,'510','230',1,0),(2096,'木竹河',0,'510','290',2,0),(2097,'松坎',0,'510','320',2,0),(2098,'三元坝',0,'510','350',2,0),(2099,'蒙渡',0,'510','380',2,0),(2100,'太白',0,'510','406',2,0),(2101,'九龙塘',0,'510','436',2,0),(2102,'大河坝',0,'510','466',2,0),(2103,'新场',0,'510','496',2,0),(2104,'凉风垭',0,'510','523',2,0),(2105,'元田坝',0,'510','553',2,0),(2106,'桐梓',0,'510','583',3,0),(2107,'红花园',0,'510','613',2,0),(2108,'娄山关',0,'510','642',2,0),(2109,'汇塘河',0,'510','672',2,0),(2110,'松坝',0,'510','702',2,0),(2111,'李家湾',0,'510','732',2,0),(2112,'高炉子',0,'510','762',2,0),(2113,'遵义北',0,'510','790',2,0),(2114,'遵义',0,'510','820',2,0),(2115,'遵义南',0,'510','850',2,0),(2116,'南宫山',0,'510','877',3,0),(2117,'唐家桥',0,'510','907',2,0),(2118,'南白镇',0,'510','937',2,0),(2119,'阁老坝',0,'510','967',2,0),(2120,'贵阳北',0,'711','490',2,0),(2121,'大寨',0,'711','520',2,0),(2122,'都拉营',0,'711','550',2,0),(2123,'蓬莱',0,'711','580',2,0),(2124,'大观冲',0,'711','610',2,0),(2125,'扎佐',0,'711','640',2,0),(2126,'高坝',0,'711','670',2,0),(2127,'久长',0,'711','700',2,0),(2128,'新箩村',0,'711','730',2,0),(2129,'阳朗',0,'711','760',2,0),(2130,'息烽',0,'711','790',3,0),(2131,'盘脚营',0,'711','820',2,0),(2132,'小寨坝',0,'711','850',2,0),(2133,'养龙司',0,'711','880',2,0),(2134,'董家坪',0,'711','900',2,0),(2135,'乌江',0,'711','930',2,0),(2136,'艾田',0,'711','960',2,0),(2137,'拐点2贵阳TDCS分中心',0,'92','130',2,0),(2138,'拐点3贵阳TDCS分中心',0,'92','558',2,0),(2139,'拐点4贵阳TDCS分中心',0,'168','153',2,0),(2140,'拐点5贵阳TDCS分中心',0,'390','130',2,0),(2141,'拐点6贵阳TDCS分中心',0,'185','478',2,0),(2142,'拐点7贵阳TDCS分中心',0,'457','153',2,0),(2143,'拐点8贵阳TDCS分中心',0,'390','877',2,0),(2144,'拐点10贵阳TDCS分中心',0,'457','583',2,0),(2145,'拐点11贵阳TDCS分中心',0,'510','990',2,0),(2146,'拐点12贵阳TDCS分中心',0,'711','990',2,0),(2147,'拐点14贵阳TDCS分中心',0,'711','153',2,0),(2148,'拐点15贵阳TDCS分中心',0,'760','130',1,0),(2149,'拐点17贵阳TDCS分中心',0,'760','790',2,0),(2150,'贵阳段网络图3',0,'270','172',7,1),(2151,'大龙',0,'350','295',2,0),(2152,'玉屏',0,'350','335',2,0),(2153,'黔东火电厂',0,'466','355',1,0),(2154,'羊坪',0,'350','375',3,0),(2155,'青溪',0,'350','415',2,0),(2156,'焦溪',0,'350','455',2,0),(2157,'老王洞',0,'350','495',2,0),(2158,'镇远',0,'350','535',3,0),(2159,'大石板',0,'350','575',2,0),(2160,'水花',0,'350','615',2,0),(2161,'施秉',0,'350','655',2,0),(2162,'黄平',0,'350','695',2,0),(2163,'宝老山',0,'350','735',2,0),(2164,'加劳',0,'350','775',2,0),(2165,'桐木寨',0,'350','815',2,0),(2166,'凯里',0,'350','855',4,0),(2167,'车间TDCS工区2',0,'450','835',1,0),(2168,'普舍寨',0,'350','935',2,0),(2169,'六个鸡',0,'350','975',2,0),(2170,'麻江',0,'350','1015',2,0),(2171,'福泉',0,'350','1055',2,0),(2172,'黄丝',0,'350','1095',2,0),(2173,'半边街',0,'350','1135',2,0),(2174,'贵定',0,'350','1175',2,0),(2175,'高坪铺',0,'350','1215',2,0),(2176,'麻芝铺',0,'350','1255',2,0),(2177,'龙里',0,'350','1295',3,0),(2178,'新麻尾',0,'655','295',2,0),(2179,'新朱石寨',0,'655','335',2,0),(2180,'星郎',0,'655','375',2,0),(2181,'新峰洞',0,'655','415',2,0),(2182,'打羊',0,'655','455',2,0),(2183,'新学庄',0,'655','495',2,0),(2184,'孟孔',0,'655','535',2,0),(2185,'新独山',0,'655','575',3,0),(2186,'甲猫',0,'655','615',2,0),(2187,'新墨冲',0,'655','655',2,0),(2188,'河阳',0,'655','695',2,0),(2189,'下寨',0,'655','735',2,0),(2190,'都匀',0,'655','775',5,0),(2191,'车间',0,'797','755',1,0),(2192,'TDCS工区2',0,'797','795',1,0),(2193,'绿茵湖',0,'655','895',2,0),(2194,'胡家寨',0,'655','935',2,0),(2195,'摆峻',0,'655','975',2,0),(2196,'贵定南',0,'655','1015',2,0),(2197,'平寨',0,'655','1055',2,0),(2198,'小西堡线路所',0,'655','1095',2,0),(2199,'拐点1贵阳段网络图3',0,'230','172',2,0),(2200,'拐点2贵阳段网络图3',0,'250','172',2,0),(2201,'拐点3贵阳段网络图3',0,'270','172',2,0),(2202,'拐点4贵阳段网络图3',0,'350','172',2,0),(2203,'拐点5贵阳段网络图3',0,'565','182',2,0),(2204,'拐点6贵阳段网络图3',0,'610','172',2,0),(2205,'拐点7贵阳段网络图3',0,'655','162',2,0),(2206,'拐点8贵阳段网络图3',0,'300','162',2,0),(2207,'拐点9贵阳段网络图3',0,'300','172',2,0),(2208,'拐点10贵阳段网络图3',0,'300','182',2,0),(2209,'拐点11贵阳段网络图3',0,'270','535',2,0),(2210,'拐点12贵阳段网络图3',0,'250','855',2,0),(2211,'拐点13贵阳段网络图3',0,'230','1295',2,0),(2212,'拐点14贵阳段网络图3',0,'367','355',2,0),(2213,'拐点15贵阳段网络图3',0,'380','835',2,0),(2214,'拐点16贵阳段网络图3',0,'350','1335',2,0),(2215,'拐点17贵阳段网络图3',0,'610','575',2,0),(2216,'拐点18贵阳段网络图3',0,'565','775',2,0),(2217,'拐点19贵阳段网络图3',0,'675','755',2,0),(2218,'拐点20贵阳段网络图3',0,'675','795',2,0),(2219,'拐点21贵阳段网络图3',0,'655','1335',2,0),(2220,'贵阳段网络图1',0,'550','97',2,1),(2221,'滥坝',0,'239','174',3,0),(2222,'茨冲',0,'239','210',2,0),(2223,'二道岩',0,'239','243',2,0),(2224,'关寨',0,'239','277',2,0),(2225,'新窑',0,'239','311',2,0),(2226,'那玉',0,'239','347',2,0),(2227,'六枝',0,'239','383',2,0),(2228,'大用',0,'239','416',2,0),(2229,'化处',0,'239','450',2,0),(2230,'黄桶',0,'239','488',2,0),(2231,'幺铺',0,'239','520',2,0),(2232,'安顺',0,'239','556',3,0),(2233,'两所屯',0,'239','590',2,0),(2234,'七眼桥',0,'239','627',2,0),(2235,'天龙',0,'239','660',2,0),(2236,'新平坝',0,'239','696',2,0),(2237,'平坝',0,'239','731',2,0),(2238,'高峰',0,'239','765',2,0),(2239,'马场',0,'239','800',2,0),(2240,'湖潮',0,'239','835',2,0),(2241,'石板哨',0,'239','870',2,0),(2242,'水城',0,'430','170',2,0),(2243,'双水',0,'430','205',2,0),(2244,'六盘水南到达场',0,'430','273',5,0),(2245,'驼峰',0,'481','350',2,0),(2246,'出发场',0,'481','380',2,0),(2247,'峰尾',0,'481','410',2,0),(2248,'曹家湾',0,'430','483',2,0),(2249,'六盘水',0,'430','552',4,0),(2250,'车间TDCS工区1',0,'430','791',1,0),(2251,'马嘎',0,'548','696',2,0),(2252,'葡萄箐',0,'583','696',2,0),(2253,'昭通',0,'730','178',1,0),(2254,'昭通南',0,'730','250',2,0),(2255,'花土坡',0,'730','285',2,0),(2256,'迤那',0,'730','320',2,0),(2257,'老锅厂',0,'730','355',2,0),(2258,'李子沟',0,'730','390',2,0),(2259,'朱嘎',0,'730','425',2,0),(2260,'草海',0,'730','460',3,0),(2261,'清水沟',0,'730','495',2,0),(2262,'金钟',0,'730','530',2,0),(2263,'凉水井',0,'730','565',2,0),(2264,'石丫口',0,'730','600',2,0),(2265,'梅花山',0,'730','635',3,0),(2266,'乐居',0,'730','670',2,0),(2267,'罗盘地',0,'730','705',2,0),(2268,'树舍',0,'730','740',2,0),(2269,'扒挪块',0,'730','775',2,0),(2270,'荷马岭',0,'730','810',2,0),(2271,'背开柱',0,'730','845',2,0),(2272,'木嘎',0,'730','880',2,0),(2273,'田坝',0,'730','915',2,0),(2274,'邓家村',0,'730','950',2,0),(2275,'且午',0,'730','985',2,0),(2276,'徐屯',0,'730','1020',2,0),(2277,'拐点1贵阳段网络图1',0,'603','77',2,0),(2278,'拐点2贵阳段网络图1',0,'172','77',2,0),(2279,'拐点3贵阳段网络图1',0,'172','870',2,0),(2280,'拐点4贵阳段网络图1',0,'603','87',2,0),(2281,'拐点5贵阳段网络图1',0,'199','87',2,0),(2282,'拐点6贵阳段网络图1',0,'199','556',2,0),(2283,'拐点7贵阳段网络图1',0,'603','97',2,0),(2284,'拐点8贵阳段网络图1',0,'239','97',2,0),(2285,'拐点9贵阳段网络图1',0,'268','139',2,0),(2286,'拐点10贵阳段网络图1',0,'430','139',2,0),(2287,'拐点11贵阳段网络图1',0,'603','82',2,0),(2288,'拐点12贵阳段网络图1',0,'603','552',2,0),(2289,'拐点13贵阳段网络图1',0,'486','613',2,0),(2290,'拐点14贵阳段网络图1',0,'486','696',2,0),(2291,'拐点15贵阳段网络图1',0,'699','696',2,0),(2292,'拐点16贵阳段网络图1',0,'775','97',2,0),(2293,'拐点17贵阳段网络图1',0,'775','460',2,0),(2294,'拐点18贵阳段网络图1',0,'796','87',2,0),(2295,'拐点19贵阳段网络图1',0,'796','1020',2,0);

/*Table structure for table `system` */

DROP TABLE IF EXISTS `system`;

CREATE TABLE `system` (
  `id` int(11) NOT NULL auto_increment,
  `config_key` varchar(255) NOT NULL,
  `config_value` varchar(255) NOT NULL,
  PRIMARY KEY  (`id`)
) ENGINE=InnoDB DEFAULT CHARSET=utf8;

/*Data for the table `system` */

insert  into `system`(`id`,`config_key`,`config_value`) values (1,'frequency','1');

/*Table structure for table `user` */

DROP TABLE IF EXISTS `user`;

CREATE TABLE `user` (
  `id` int(11) NOT NULL auto_increment,
  `username` varchar(255) NOT NULL,
  `password` varchar(255) NOT NULL,
  `authority` varchar(255) default NULL,
  PRIMARY KEY  (`id`)
) ENGINE=InnoDB DEFAULT CHARSET=utf8;

/*Data for the table `user` */

insert  into `user`(`id`,`username`,`password`,`authority`) values (5,'ddd','432','admin'),(6,'fdafff','432','user'),(8,'admin','admin','admin'),(12,'test2','123','user'),(13,'test2222','67','user'),(14,'test1','11','admin'),(15,'ad','ad','user'),(16,'32','32','user'),(21,'dddd','fda','user'),(22,'范德萨','dd','user'),(23,'hao','123','user');

/*Table structure for table `warn` */

DROP TABLE IF EXISTS `warn`;

CREATE TABLE `warn` (
  `id` int(11) NOT NULL auto_increment,
  `warncontent` varchar(255) default NULL,
  `warnstate` int(11) default NULL,
  `warntime` datetime default NULL,
  `stationId` int(11) default NULL,
  PRIMARY KEY  (`id`)
) ENGINE=InnoDB DEFAULT CHARSET=utf8;

/*Data for the table `warn` */

insert  into `warn`(`id`,`warncontent`,`warnstate`,`warntime`,`stationId`) values (7,'null 站点靖江站台账文件读取异常! 端口0:状态由UP-->DOWN 3:状态由DOWN-->UP ',1,'2012-02-28 17:07:03',81),(8,'站点天津站台账文件读取异常! 端口0:状态由DOWN-->UP 1:状态由DOWN-->UP 3:状态由DOWN-->UP ',1,'2012-02-28 17:16:41',82),(9,'站点靖江站台账文件读取异常! 端口0:状态由UP-->DOWN 3:状态由DOWN-->UP ',1,'2012-02-28 17:17:43',82),(10,'站点靖江站台账文件读取异常! 端口0:状态由UP-->DOWN 3:状态由DOWN-->UP ',1,'2012-02-28 17:19:26',83),(12,'站点???é?????台账文件读取异常! 端口0:状态由UP-->DOWN 3:状态由DOWN-->UP ',1,'2012-03-01 22:38:16',97),(13,'站点???é?????台账文件读取异常! 端口0:状态由UP-->DOWN 3:状态由DOWN-->UP ',1,'2012-03-01 22:44:01',97),(14,'站点???é?????台账文件读取异常! 端口0:状态由UP-->DOWN 3:状态由DOWN-->UP ',1,'2012-03-01 22:46:53',97),(15,'站点绵阳站台账文件读取异常! 端口0:状态由UP-->DOWN 3:状态由DOWN-->UP ',1,'2012-03-01 23:01:30',31),(16,'站点绵阳站台账文件读取异常! 端口0:状态由UP-->DOWN 3:状态由DOWN-->UP  站点绵阳站台账文件读取异常! 端口0:状态由UP-->DOWN 3:状态由DOWN-->UP ',1,'2012-03-01 23:01:42',31),(17,'站点绵阳站台账文件读取异常! 端口0:状态由UP-->DOWN 3:状态由DOWN-->UP ',1,'2012-03-01 23:12:27',31),(18,'端口0:状态由INIT-->UP(DOWN) 1:状态由DOWN-->UP 3:状态由DOWN-->UP ',1,'2012-03-02 11:08:40',97),(19,'端口0:状态由INIT-->UP(DOWN) 1:状态由DOWN-->UP 3:状态由DOWN-->UP ',1,'2012-03-02 11:23:41',96),(20,'站点:乐山站状态未知！ 站点乐山站台账文件读取异常! 端口0:状态由INIT-->UP(DOWN) 1:状态由DOWN-->UP 3:状态由DOWN-->UP ',1,'2012-03-02 11:24:49',96),(21,'站点:乐2站状态未知！ 站点乐2站台账文件读取异常!',1,'2012-03-02 11:25:05',95),(22,'站点乐2站台账文件读取异常!',1,'2012-03-02 11:28:53',95),(23,'站点乐山站台账文件读取异常! 端口0:状态由INIT-->UP(DOWN) 1:状态由DOWN-->UP 3:状态由DOWN-->UP ',1,'2012-03-02 11:29:02',96),(24,'站点乐山站台账文件读取异常! 端口0:状态由INIT-->UP(DOWN) 1:状态由DOWN-->UP 3:状态由DOWN-->UP ',1,'2012-03-02 11:38:30',96),(25,'线段id=51告警，位于站点：乐2站',1,'2012-03-02 11:38:46',0),(26,'站点乐2站台账文件读取异常!',1,'2012-03-02 11:38:46',95),(27,'线段id=51告警，位于站点：乐2站',1,'2012-03-02 11:43:34',0),(28,'站点:乐2站状态未知！ 站点乐2站台账文件读取异常!',1,'2012-03-02 11:43:34',95),(29,'站点乐2站台账文件读取异常!',1,'2012-03-02 13:48:32',95),(30,'线段id=51告警，位于站点：乐山站',1,'2012-03-02 13:48:59',0),(31,'站点乐山站台账文件读取异常! 端口0:状态由INIT-->UP(DOWN) 1:状态由DOWN-->UP 3:状态由DOWN-->UP ',1,'2012-03-02 13:48:59',96),(32,'站点乐山站台账文件读取异常! 端口0:状态由INIT-->UP(DOWN) 1:状态由DOWN-->UP 3:状态由DOWN-->UP ',1,'2012-03-02 13:53:41',96),(33,'线段id=51告警，位于站点：乐2站',1,'2012-03-02 13:53:54',0),(34,'站点乐2站台账文件读取异常!',1,'2012-03-02 13:53:54',95),(35,'站点乐2站台账文件读取异常!',1,'2012-03-02 13:59:25',95),(36,'线段id=51告警，位于站点：乐山站',1,'2012-03-02 13:59:43',0),(37,'站点乐山站台账文件读取异常! 端口0:状态由INIT-->UP(DOWN) 1:状态由DOWN-->UP 3:状态由DOWN-->UP ',1,'2012-03-02 13:59:43',96),(38,'线段id=51告警，位于站点：乐2站',1,'2012-03-02 14:12:26',0),(39,'站点:乐2站状态未知！ 站点乐2站台账文件读取异常!',1,'2012-03-02 14:12:26',95),(40,'站点乐山站台账文件读取异常! 端口0:状态由INIT-->UP(DOWN) 1:状态由DOWN-->UP 3:状态由DOWN-->UP ',1,'2012-03-02 14:28:06',96),(41,'线段id=51告警，位于站点：乐2站',1,'2012-03-02 14:28:15',0),(42,'站点乐2站台账文件读取异常!',1,'2012-03-02 14:28:15',95);

/*!40101 SET SQL_MODE=@OLD_SQL_MODE */;
/*!40014 SET FOREIGN_KEY_CHECKS=@OLD_FOREIGN_KEY_CHECKS */;
/*!40014 SET UNIQUE_CHECKS=@OLD_UNIQUE_CHECKS */;
/*!40111 SET SQL_NOTES=@OLD_SQL_NOTES */;
